Group,Name
Sedgwick,Sedgwick Preserve
Los Vaqueros,Mount Diablo Bird Alliance
Los Vaqueros,Contra Costa Water District
CNLM,Center for Natural Lands Management
Colusa NWR,Colusa National Wildlife Refuge
Monterey,Santa Lucia Conservancy
Merced and San Luis NWR,Merced and San Luis National Wildlife Refuges
Markham Ravine,Westervelt Ecological Services
Rancho Jamul,California Department of Fish and Wildlife
San Jacinto Wildlife Area,California Department of Fish and Wildlife
Washington,Washington Department of Fish and Wildlife
Wind Wolves Preserve,The Wildlands Conservancy
Sedgwick,Heather Constable
Sedgwick,Nicole Evans
Sedgwick,Mark Holmgren
Sedgwick,Meredith Honig
Washington,Jason Fidorra
Iron Point,Dan Airola
Iron Point,Jennifer Brown
Iron Point,Emilie Graves
Baja,Dick Erickson
CNLM,Eric Olson
CNLM,Amy Richey
CNLM,Debi Shearwater
CNLM,Ben Teton
Monterey,Emma Levy
Monterey,Amanda Preece
Monterey,Brian Woodward
Monterey,Christy Wycoff
Colusa NWR,Mike Carpenter
Colusa NWR,Michael Derrico
Colusa NWR,Jennifer Isola
Dairies,Jesse Bahm
Los Vaqueros,Alan Bade
Los Vaqueros,Jerald A. Britten
Markham Ravine,Tara Collins
Markham Ravine,Charlotte Marks
Oregon,Charles Gates
Oregon,Ken Hashagen
Merced and San Luis NWR,Fumika Takahashi
Placer County,Deren Ross
Rancho Jamul,John Martin
Rancho Jamul,Tracie Nelson
San Bernardino,Dave Goodward
San Jacinto Wildlife Area,Stefan Awender
San Jacinto Wildlife Area,Rose Cook
San Jacinto Wildlife Area,Dave Goodward
San Jacinto Wildlife Area,Tom Trakes
Southern Sierra Research Station,Pat Lorch
Wind Wolves Preserve,Travis Bibee
Wind Wolves Preserve,Daisy Carrillo
Wind Wolves Preserve,Melissa Dabulamanzi
Wind Wolves Preserve,Landon Peppel